"Lab_gc_#1_gc_1","helenaj","055107052","He","Jiang"
"Lab_gc_#1_gc_1","mstuart","563739176","Matthew","Stuart"
"Lab_gc_#1_gc_1","jwlai","304149874","Jonathan","Lai"
"Lab_gc_#1_gc_2","aayadav","112717633","Akshay","Yadav"
"Lab_gc_#1_gc_2","lhii","455544117","Lawrence","Hii"
"Lab_gc_#1_gc_2","cyuan","822197400","Chaohui","Yuan"
"Lab_gc_#1_gc_3","kwill","761645885","Laura","Will"
"Lab_gc_#1_gc_3","kgoode","627454828","Katherine","Goode"
"Lab_gc_#1_gc_3","amymc","049078053","Amy","Crawford"
"Lab_gc_#1_gc_4","jain","046518500","Ashish","Jain"
"Lab_gc_#1_gc_4","hjeppson","259633374","Haley","Jeppson"
"Lab_gc_#1_gc_4","vinny","467486019","Reid-Vincent","Paris"
"Lab_gc_#1_gc_5","joepapio","490094617","Joseph","Papio"
"Lab_gc_#1_gc_5","yzhang1","718230593","Yue","Zhang"
"Lab_gc_#1_gc_5","kprey","813710898","Kathleen","Rey"
"Lab_gc_#1_gc_6","anbaker","044600556","Aaron","Baker"
"Lab_gc_#1_gc_6","gkandoi","975967021","Gaurav","Kandoi"
"Lab_gc_#1_gc_6","songt","510101609","Taikgun","Song"
"Lab_gc_#1_gc_7","bbuzzee","547008486","Benjamin","Buzzee"
"Lab_gc_#1_gc_7","rjmorgan","636786215","Ryan","Morgan"
"Lab_gc_#1_gc_7","xmzhang","253015791","Xiangmei","Zhang"
"Lab_gc_#1_gc_8","ganeshk","568004470"," ","Ganesh-Krishnan"
"Lab_gc_#1_gc_8","calegacy","585506949","Chelsey","Legacy"
"Lab_gc_#1_gc_8","dinesh","068986963","Dinesh","Poddaturi"
"Lab_gc_#1_gc_9","ricek","544333814","Kiegan","Rice"
"Lab_gc_#1_gc_9","hyzhang","291821530","Haiyang","Zhang"
"Lab_gc_#1_gc_9","xzli","817727911","Xiangzhen","Li"
"Lab_gc_#2_gc_1","vinny","467486019","Reid-Vincent","Paris"
"Lab_gc_#2_gc_1","xmzhang","253015791","Xiangmei","Zhang"
"Lab_gc_#2_gc_1","songt","510101609","Taikgun","Song"
"Lab_gc_#2_gc_2","bbuzzee","547008486","Benjamin","Buzzee"
"Lab_gc_#2_gc_2","aayadav","112717633","Akshay","Yadav"
"Lab_gc_#2_gc_2","joepapio","490094617","Joseph","Papio"
"Lab_gc_#2_gc_3","jain","046518500","Ashish","Jain"
"Lab_gc_#2_gc_3","kgoode","627454828","Katherine","Goode"
"Lab_gc_#2_gc_3","hjeppson","259633374","Haley","Jeppson"
"Lab_gc_#2_gc_4","ganeshk","568004470"," ","Ganesh-Krishnan"
"Lab_gc_#2_gc_4","helenaj","055107052","He","Jiang"
"Lab_gc_#2_gc_4","kprey","813710898","Kathleen","Rey"
"Lab_gc_#2_gc_5","kwill","761645885","Laura","Will"
"Lab_gc_#2_gc_5","anbaker","044600556","Aaron","Baker"
"Lab_gc_#2_gc_5","ricek","544333814","Kiegan","Rice"
"Lab_gc_#2_gc_6","mstuart","563739176","Matthew","Stuart"
"Lab_gc_#2_gc_6","dinesh","068986963","Dinesh","Poddaturi"
"Lab_gc_#2_gc_6","cyuan","822197400","Chaohui","Yuan"
"Lab_gc_#2_gc_7","hyzhang","291821530","Haiyang","Zhang"
"Lab_gc_#2_gc_7","calegacy","585506949","Chelsey","Legacy"
"Lab_gc_#2_gc_7","lhii","455544117","Lawrence","Hii"
"Lab_gc_#2_gc_8","yzhang1","718230593","Yue","Zhang"
"Lab_gc_#2_gc_8","xzli","817727911","Xiangzhen","Li"
"Lab_gc_#2_gc_8","jwlai","304149874","Jonathan","Lai"
"Lab_gc_#2_gc_9","gkandoi","975967021","Gaurav","Kandoi"
"Lab_gc_#2_gc_9","rjmorgan","636786215","Ryan","Morgan"
"Lab_gc_#2_gc_9","amymc","049078053","Amy","Crawford"
"Lab_gc_#3_gc_1","ganeshk","568004470"," ","Ganesh-Krishnan"
"Lab_gc_#3_gc_1","aayadav","112717633","Akshay","Yadav"
"Lab_gc_#3_gc_1","vinny","467486019","Reid-Vincent","Paris"
"Lab_gc_#3_gc_2","mstuart","563739176","Matthew","Stuart"
"Lab_gc_#3_gc_2","kprey","813710898","Kathleen","Rey"
"Lab_gc_#3_gc_2","jwlai","304149874","Jonathan","Lai"
"Lab_gc_#3_gc_3","hjeppson","259633374","Haley","Jeppson"
"Lab_gc_#3_gc_3","yzhang1","718230593","Yue","Zhang"
"Lab_gc_#3_gc_3","cyuan","822197400","Chaohui","Yuan"
"Lab_gc_#3_gc_4","jain","046518500","Ashish","Jain"
"Lab_gc_#3_gc_4","anbaker","044600556","Aaron","Baker"
"Lab_gc_#3_gc_4","songt","510101609","Taikgun","Song"
"Lab_gc_#3_gc_5","bbuzzee","547008486","Benjamin","Buzzee"
"Lab_gc_#3_gc_5","calegacy","585506949","Chelsey","Legacy"
"Lab_gc_#3_gc_5","xmzhang","253015791","Xiangmei","Zhang"
"Lab_gc_#3_gc_6","kwill","761645885","Laura","Will"
"Lab_gc_#3_gc_6","helenaj","055107052","He","Jiang"
"Lab_gc_#3_gc_6","dinesh","068986963","Dinesh","Poddaturi"
"Lab_gc_#3_gc_7","amymc","049078053","Amy","Crawford"
"Lab_gc_#3_gc_7","xzli","817727911","Xiangzhen","Li"
"Lab_gc_#3_gc_7","lhii","455544117","Lawrence","Hii"
"Lab_gc_#3_gc_8","gkandoi","975967021","Gaurav","Kandoi"
"Lab_gc_#3_gc_8","rjmorgan","636786215","Ryan","Morgan"
"Lab_gc_#3_gc_8","joepapio","490094617","Joseph","Papio"
"Lab_gc_#3_gc_9","ricek","544333814","Kiegan","Rice"
"Lab_gc_#3_gc_9","hyzhang","291821530","Haiyang","Zhang"
"Lab_gc_#3_gc_9","kgoode","627454828","Katherine","Goode"
