"Lab_gc_#1_gc_1","Lab #1 1","<p>team for lab assignment #1</p>","Lab_gc_#1","Y","","N","","","","",""
"Lab_gc_#1_gc_2","Lab #1 2","<p>team for lab assignment #1</p>","Lab_gc_#1","Y","","N","","","","",""
"Lab_gc_#1_gc_3","Lab #1 3","<p>team for lab assignment #1</p>","Lab_gc_#1","Y","","N","","","","",""
"Lab_gc_#1_gc_4","Lab #1 4","<p>team for lab assignment #1</p>","Lab_gc_#1","Y","","N","","","","",""
"Lab_gc_#1_gc_5","Lab #1 5","<p>team for lab assignment #1</p>","Lab_gc_#1","Y","","N","","","","",""
"Lab_gc_#1_gc_6","Lab #1 6","<p>team for lab assignment #1</p>","Lab_gc_#1","Y","","N","","","","",""
"Lab_gc_#1_gc_7","Lab #1 7","<p>team for lab assignment #1</p>","Lab_gc_#1","Y","","N","","","","",""
"Lab_gc_#1_gc_8","Lab #1 8","<p>team for lab assignment #1</p>","Lab_gc_#1","Y","","N","","","","",""
"Lab_gc_#1_gc_9","Lab #1 9","<p>team for lab assignment #1</p>","Lab_gc_#1","Y","","N","","","","",""
"Lab_gc_#2_gc_1","Lab #2 1","<p>Work in this group for lab #2.&nbsp;</p>","Lab_gc_#2","Y","","N","","","","",""
"Lab_gc_#2_gc_2","Lab #2 2","<p>Work in this group for lab #2.&nbsp;</p>","Lab_gc_#2","Y","","N","","","","",""
"Lab_gc_#2_gc_3","Lab #2 3","<p>Work in this group for lab #2.&nbsp;</p>","Lab_gc_#2","Y","","N","","","","",""
"Lab_gc_#2_gc_4","Lab #2 4","<p>Work in this group for lab #2.&nbsp;</p>","Lab_gc_#2","Y","","N","","","","",""
"Lab_gc_#2_gc_5","Lab #2 5","<p>Work in this group for lab #2.&nbsp;</p>","Lab_gc_#2","Y","","N","","","","",""
"Lab_gc_#2_gc_6","Lab #2 6","<p>Work in this group for lab #2.&nbsp;</p>","Lab_gc_#2","Y","","N","","","","",""
"Lab_gc_#2_gc_7","Lab #2 7","<p>Work in this group for lab #2.&nbsp;</p>","Lab_gc_#2","Y","","N","","","","",""
"Lab_gc_#2_gc_8","Lab #2 8","<p>Work in this group for lab #2.&nbsp;</p>","Lab_gc_#2","Y","","N","","","","",""
"Lab_gc_#2_gc_9","Lab #2 9","<p>Work in this group for lab #2.&nbsp;</p>","Lab_gc_#2","Y","","N","","","","",""
"Lab_gc_#3_gc_1","Lab #3 1","<p>Group assignments for lab #3</p>","Lab_gc_#3","Y","","N","","","","",""
"Lab_gc_#3_gc_2","Lab #3 2","<p>Group assignments for lab #3</p>","Lab_gc_#3","Y","","N","","","","",""
"Lab_gc_#3_gc_3","Lab #3 3","<p>Group assignments for lab #3</p>","Lab_gc_#3","Y","","N","","","","",""
"Lab_gc_#3_gc_4","Lab #3 4","<p>Group assignments for lab #3</p>","Lab_gc_#3","Y","","N","","","","",""
"Lab_gc_#3_gc_5","Lab #3 5","<p>Group assignments for lab #3</p>","Lab_gc_#3","Y","","N","","","","",""
"Lab_gc_#3_gc_6","Lab #3 6","<p>Group assignments for lab #3</p>","Lab_gc_#3","Y","","N","","","","",""
"Lab_gc_#3_gc_7","Lab #3 7","<p>Group assignments for lab #3</p>","Lab_gc_#3","Y","","N","","","","",""
"Lab_gc_#3_gc_8","Lab #3 8","<p>Group assignments for lab #3</p>","Lab_gc_#3","Y","","N","","","","",""
"Lab_gc_#3_gc_9","Lab #3 9","<p>Group assignments for lab #3</p>","Lab_gc_#3","Y","","N","","","","",""
